[{"model": "products.publisher", "pk": 1, "fields": {"name": "Nintendo", "image_url": "nintendo.png", "image": "nintendo.png"}}, {"model": "products.publisher", "pk": 2, "fields": {"name": "Sony", "image_url": "sony.png", "image": "sony.png"}}, {"model": "products.publisher", "pk": 3, "fields": {"name": "Sega", "image_url": "sega.png", "image": "sega_Zw5iv5a.png"}}, {"model": "products.publisher", "pk": 4, "fields": {"name": "Atari", "image_url": "atari.png", "image": "atari_XzIVCC9.png"}}, {"model": "products.console", "pk": 1, "fields": {"publisher": 1, "sku": null, "name": "Nintendo 64", "description": "The Nintendo 64 (abbreviated as N64) is a home video game console developed and marketed by Nintendo. The console is the successor to the Super Nintendo Entertainment System. It was first released on June 23, 1996 in Japan, on September 29, 1996 in North America, and March 1, 1997 in Europe and Australia. It was the last major home console to use cartridges as its primary storage format until the Nintendo Switch in 2017. As a fifth generation console, it competed primarily with the Sony PlayStation and the Sega Saturn.", "price": "120.00", "image_url": null, "image": "", "release_year": 1996, "controller_ports": 4}}, {"model": "products.console", "pk": 2, "fields": {"publisher": 4, "sku": null, "name": "Atari 2600", "description": "The Atari 2600, branded as the Atari Video Computer System (Atari VCS) until November 1982, is a home video game console developed and produced by Atari, Inc. Released in September 1977, it popularized microprocessor-based hardware and games stored on swappable ROM cartridges, a format first used with the Fairchild Channel F in 1976. The VCS was bundled with two joystick controllers, a conjoined pair of paddle controllers, and a game cartridge—initially Combat and later Pac-Man.", "price": null, "image_url": null, "image": "", "release_year": 1977, "controller_ports": 4}}, {"model": "products.console", "pk": 3, "fields": {"publisher": 3, "sku": null, "name": "Sega Genesis", "description": "The Sega Genesis, known as the Mega Drive outside North America, is a 16-bit fourth-generation home video game console developed and sold by Sega. The Genesis was Sega's third console and the successor to the Master System.  It achieved considerable success in North America, Brazil, and Europe. Contributing to its success was its library of arcade game ports, the popularity of Sega's Sonic the Hedgehog series, several popular sports franchises, and aggressive youth marketing that positioned it as the cool console for adolescents.", "price": null, "image_url": null, "image": "", "release_year": 1988, "controller_ports": 2}}, {"model": "products.console", "pk": 4, "fields": {"publisher": 2, "sku": null, "name": "PlayStation", "description": "Sony's 'PlayStation' was the first of the PlayStation line of video game consoles. As a fifth-generation console, the PlayStation primarily competed with the Nintendo 64 and the Sega Saturn. Game production for the console was designed to be streamlined and inclusive, enticing the support of many third-party developers. Contributing to the PlayStation's success was its extensive game library, several popular franchises, and aggressive youth marketing which solidified it as a preferable console for adolescents and young adults.", "price": null, "image_url": null, "image": "", "release_year": 1994, "controller_ports": 2}}, {"model": "products.genre", "pk": 1, "fields": {"name": "Platformer"}}, {"model": "products.genre", "pk": 2, "fields": {"name": "Racing"}}, {"model": "products.genre", "pk": 3, "fields": {"name": "First-Person Shooter"}}, {"model": "products.genre", "pk": 4, "fields": {"name": "Action"}}, {"model": "products.genre", "pk": 5, "fields": {"name": "Adventure"}}, {"model": "products.genre", "pk": 6, "fields": {"name": "Action-Adventure"}}, {"model": "products.genre", "pk": 7, "fields": {"name": "Open World"}}, {"model": "products.genre", "pk": 8, "fields": {"name": "RPG"}}, {"model": "products.genre", "pk": 9, "fields": {"name": "Fighting"}}, {"model": "products.genre", "pk": 10, "fields": {"name": "Arcade"}}, {"model": "products.genre", "pk": 11, "fields": {"name": "Turn-Based"}}, {"model": "products.genre", "pk": 12, "fields": {"name": "Rail Shooter"}}, {"model": "products.genre", "pk": 13, "fields": {"name": "Shoot 'em up"}}, {"model": "products.genre", "pk": 14, "fields": {"name": "Maze"}}, {"model": "products.genre", "pk": 15, "fields": {"name": "Multidirectional Shooter"}}, {"model": "products.genre", "pk": 16, "fields": {"name": "Arcade"}}, {"model": "products.genre", "pk": 17, "fields": {"name": "Sports"}}, {"model": "products.genre", "pk": 18, "fields": {"name": "Stealth"}}, {"model": "products.game", "pk": 1, "fields": {"publisher": 1, "console": 1, "genre": 1, "sku": "FG-1", "name": "Super Mario 64", "description": "Super Mario 64 is a  platform game and the first Super Mario game to feature 3D gameplay. It features 3-dimensional freedom of movement within a large open world based on 3D polygons. It builds upon the Mario tradition of gameplay elements, visual style, and characters. As Mario, the player explores Princess Peach's castle to rescue her from Bowser.", "developer": "Nintendo EAD", "price": "34.80", "rating": 99, "release_year": 1996, "multiplayer": false, "image_url": "super-mario-64.png", "image": "super-mario-64.png"}}, {"model": "products.game", "pk": 2, "fields": {"publisher": 1, "console": 1, "genre": 3, "sku": null, "name": "GoldenEye 007", "description": "GoldenEye 007 is a first-person shooter developed based on the 1995 James Bond film GoldenEye, it features a single-player campaign in which the player controls Secret Intelligence Service agent James Bond through a series of levels to prevent a criminal syndicate from using a satellite weapon against London to cause a global financial meltdown.", "developer": "Rare", "price": null, "rating": null, "release_year": 1997, "multiplayer": true, "image_url": "goldeneye-007-64.png", "image": "goldeneye-007-64.png"}}, {"model": "products.game", "pk": 3, "fields": {"publisher": 1, "console": 1, "genre": 7, "sku": null, "name": "The Legend of Zelda: Ocarina of Time", "description": "The Legend of Zelda: Ocarina of Time is a fantasy action-adventure game set in an expansive environment. The player controls series protagonist Link from a third-person perspective in a three-dimensional world. Link primarily fights with a sword and shield, but can also use other weapons such as projectiles, bombs, and magic spells.", "developer": null, "price": null, "rating": null, "release_year": 1998, "multiplayer": false, "image_url": "legend-of-zelda-ocarina-of-time.png", "image": "legend-of-zelda-ocarina-of-time.png"}}, {"model": "products.game", "pk": 4, "fields": {"publisher": 1, "console": 1, "genre": 9, "sku": null, "name": "Super Smash Bros.", "description": "The first installment in the Super Smash Bros. series, it is a crossover between several different Nintendo franchises, including Mario, The Legend of Zelda, Star Fox, Yoshi, Donkey Kong, Metroid, F-Zero, Mother, Kirby, and Pokémon. It presents a cast of characters and locations from these franchises and allows players to use each character's unique skills and the stage's hazards to inflict damage, recover health, and ultimately knock opponents off the stage.", "developer": "HAL Laboratory", "price": null, "rating": null, "release_year": 1999, "multiplayer": true, "image_url": "super-smash-bros.png", "image": "super-smash-bros.png"}}, {"model": "products.game", "pk": 5, "fields": {"publisher": null, "console": null, "genre": null, "sku": null, "name": "Pokémon Stadium", "description": "The first western Pokemon addition to the N64, the gameplay of Pokemon Stadium revolves around a 3D turn-based battling system using the 151 Pokémon from the Game Boy games Pokémon Red, Pokémon Blue, and Pokémon Yellow. The game challenges the player to succeed in trainer battles at the Stadium, a tournament consisting of 4 \"Cups\" and 80 battles in total, as well as the Gym Leader Castle, where the player battles the 8 Kanto Gym Leaders, the Kanto Elite Four, and the Champion.", "developer": "HAL Laboratory", "price": null, "rating": null, "release_year": 1999, "multiplayer": true, "image_url": "pokemon-stadium.png", "image": "pokemon-stadium.png"}}, {"model": "products.game", "pk": 6, "fields": {"publisher": 1, "console": 1, "genre": 5, "sku": null, "name": "Donkey Kong 64", "description": "Donkey Kong 64 is the first Donkey Kong game with 3D gameplay. As the gorilla Donkey Kong, the player explores the themed levels of an island to collect items and rescue his kidnapped friends from King K. Rool. The player completes minigames and puzzles as five playable Kong characters—each with their own special abilities—to receive bananas and other collectibles. In a separate multiplayer mode, up to four players can compete in deathmatch and last man standing games.", "developer": "Rare", "price": null, "rating": null, "release_year": 1999, "multiplayer": true, "image_url": "donkey-kong-64.png", "image": "donkey-kong-64.png"}}, {"model": "products.game", "pk": 7, "fields": {"publisher": 1, "console": 1, "genre": 12, "sku": null, "name": "Star Fox 64", "description": "Star Fox 64 was the very first Nintendo 64 game to feature support for the system's Rumble Pak peripheral, which initially came bundled with retail copies of the game. Since its release in 1997, the game has sold over 4 million copies, making it the best-selling game in the series and the ninth best-selling game on the system. Star Fox 64 is a 3D rail shooter game in which the player controls one of the vehicles piloted by Fox McCloud, usually an Arwing. Most of the game takes place in \"Corridor Mode\", which forces Fox's vehicle down an on-rails path straight forward through the environment.", "developer": "Nintendo EAD", "price": null, "rating": null, "release_year": 1997, "multiplayer": true, "image_url": "star-fox-64.png", "image": "star-fox-64.png"}}, {"model": "products.game", "pk": 8, "fields": {"publisher": 1, "console": 1, "genre": 6, "sku": null, "name": "Banjo-Kazooie", "description": "Banjo-Kazooie is the first game in the Banjo-Kazooie series and follows the story of a bear, Banjo, and a bird, Kazooie, as they try to stop the witch Gruntilda, who intends to steal the beauty of Banjo's younger sister, Tooty, for herself. The game features nine nonlinear worlds where the player must use Banjo and Kazooie's wide range of abilities to gather items and progress through the story.", "developer": "Rare", "price": null, "rating": null, "release_year": 1998, "multiplayer": false, "image_url": "banjo-kazooie.png", "image": "banjo-kazooie.png"}}, {"model": "products.game", "pk": 9, "fields": {"publisher": 4, "console": 2, "genre": 14, "sku": "FG-4", "name": "Pac-Man", "description": "Pac-Man is an adaptation of the 1980 hit arcade game of the same name. The player controls the title character, who attempts to consume all of the wafers while avoiding four ghosts that pursue him. Eating flashing wafers at the corners of the screen will cause the ghosts to turn blue and flee, allowing Pac-Man to eat them for bonus points.", "developer": "Atari Inc./Tod Fyre", "price": null, "rating": 78, "release_year": 1982, "multiplayer": true, "image_url": "pac-man.png", "image": "pac-man.png"}}, {"model": "products.game", "pk": 10, "fields": {"publisher": 4, "console": 2, "genre": 13, "sku": null, "name": "Space Invaders", "description": "Space Invaders is an arcade game developed by Tomohiro Nishikado and licensed by the Midway division of Bally for overseas distribution. Space Invaders was the first fixed shooter and set the template for the shoot 'em up genre. The goal is to defeat wave after wave of descending aliens with a horizontally moving laser to earn as many points as possible.", "developer": "Taito", "price": null, "rating": null, "release_year": 1978, "multiplayer": true, "image_url": "space-invaders.png", "image": "space-invaders.png"}}, {"model": "products.game", "pk": 11, "fields": {"publisher": 4, "console": 2, "genre": 6, "sku": null, "name": "Donkey Kong", "description": "Donkey Kong is the first game in both the Donkey Kong and Mario franchises. Its gameplay maneuvers Mario across platforms to ascend a construction site and rescue Pauline from the giant gorilla named Donkey Kong, all while avoiding or jumping over obstacles.", "developer": "Nintendo R&D1/Ikegami Tsushinki", "price": null, "rating": null, "release_year": 1982, "multiplayer": false, "image_url": "donkey-kong.png", "image": "donkey-kong.png"}}, {"model": "products.game", "pk": 12, "fields": {"publisher": 4, "console": 2, "genre": 1, "sku": null, "name": "Pitfall!", "description": "Pitfall! is a  game designed by David Crane for the Atari 2600. The player controls Pitfall Harry and is tasked with collecting all the treasures in a jungle within 20 minutes. The world consists of 255 screens which are horizontally connected in a flip screen manner. Each screen has one or more hazards: quicksand, tarpits, rolling logs, crocodiles, snakes, scorpions, campfires, and swinging vines.", "developer": "Activision/David Crane", "price": null, "rating": null, "release_year": 1982, "multiplayer": false, "image_url": "pitfall.png", "image": "pitfall.png"}}, {"model": "products.game", "pk": 13, "fields": {"publisher": 4, "console": 2, "genre": 16, "sku": null, "name": "Frogger", "description": "Frogger (フロッガー, Furoggā) is one of the most iconic and recognizable arcade games ever made. The player directs each frog to its home by crossing a busy road and navigating a hazardous river.", "developer": "SEGA/Gremlin", "price": null, "rating": null, "release_year": 1981, "multiplayer": false, "image_url": "frogger.png", "image": "frogger.png"}}, {"model": "products.game", "pk": 14, "fields": {"publisher": 4, "console": 2, "genre": 15, "sku": null, "name": "Asteroids", "description": "Asteroids is a space-themed arcade game released in November 1979. The player controls a single spaceship in an asteroid field which is periodically traversed by flying saucers. The object of the game is to shoot and destroy the asteroids and saucers, while not colliding with either, or being hit by the saucers' counter-fire. The game becomes harder as the number of asteroids increases.", "developer": "Atari Inc./Lyle Rains & Ed Logg", "price": null, "rating": null, "release_year": 1979, "multiplayer": true, "image_url": "asteroids.png", "image": "asteroids.png"}}, {"model": "products.game", "pk": 15, "fields": {"publisher": 4, "console": 2, "genre": 5, "sku": null, "name": "E.T. the Extra-Terrestrial", "description": "Perhaps one of the most infamous video games of all time, blamed for video game crash of 1983 and often cited as one of the worst games of all time, E.T. the Extra-Terrestrials based on the film of the same name and was designed by Howard Scott Warshaw. The objective is to guide the eponymous character through various screens to collect three pieces of an interplanetary telephone that will allow him to contact his home planet.", "developer": "Atari Inc./Howard Scott Warshaw", "price": null, "rating": null, "release_year": 1982, "multiplayer": false, "image_url": "et-the-extra-terrestial.png", "image": "et-the-extra-terrestial.png"}}, {"model": "products.game", "pk": 16, "fields": {"publisher": 3, "console": 3, "genre": 1, "sku": "FG-3", "name": "Sonic the Hedgehog", "description": "The first game in the Sonic the Hedgehog franchise, the game features Sonic the Hedgehog, who can run at supersonic speeds, setting out on a quest to defeat Dr. Robotnik, a scientist who has imprisoned animals in robots and seeks the powerful Chaos Emeralds. The gameplay involves collecting rings as a form of health, and a simple control scheme, with jumping and attacking controlled by a single button.", "developer": "Sonic Team", "price": null, "rating": 92, "release_year": 1991, "multiplayer": false, "image_url": "sonic-the-hedgehog.png", "image": "sonic-the-hedgehog.png"}}, {"model": "products.game", "pk": 17, "fields": {"publisher": 3, "console": 3, "genre": 1, "sku": null, "name": "Sonic the Hedgehog 2", "description": "Sonic the Hedgehog 2 follows Sonic as he attempts to stop Doctor Robotnik from stealing the Chaos Emeralds to power his space station, the Death Egg. Like the first Sonic the Hedgehog (1991), players traverse side-scrolling levels at high speeds while collecting rings and defeating enemies. Sonic 2 introduces Sonic's sidekick, Miles \"Tails\" Prower, controllable by a second player. It features faster gameplay and larger levels in comparison to the first game, in addition to a new multiplayer game mode and special stages featuring pseudo-3D graphics.", "developer": "Sega Technical Institute", "price": null, "rating": null, "release_year": 1992, "multiplayer": true, "image_url": "sonic-the-hedgehog-2.png", "image": "sonic-the-hedgehog-2.png"}}, {"model": "products.game", "pk": 18, "fields": {"publisher": 3, "console": 3, "genre": 1, "sku": null, "name": "Disney's Aladdin", "description": "Disney's Aladdin is a side-scrolling platform game in which the player controls Aladdin throughout settings and a storyline based on the namesake film.[1][2] Aladdin's primary forms of offense against enemy characters are a scimitar for short-range slashing attacks and apples that can be pelted as long-range ammunition. The apples are a finite resource, but can be collected in abundant amounts throughout the game.", "developer": "Virgin Games USA", "price": null, "rating": null, "release_year": 1992, "multiplayer": false, "image_url": "disneys-aladdin.png", "image": "disneys-aladdin.png"}}, {"model": "products.game", "pk": 19, "fields": {"publisher": 3, "console": 3, "genre": 1, "sku": null, "name": "Sonic the Hedgehog 3", "description": "Sonic the Hedgehog 3 follows the player as they control Sonic and Tails, who attempt to retrieve the Chaos Emeralds to stop the evil Doctor Robotnik from relaunching his space station, the Death Egg, after it crash-lands on a mysterious floating island. Sonic 3 introduces Knuckles the Echidna, the island guardian, who lays traps for Sonic and Tails.", "developer": "Sega Technical Institute", "price": null, "rating": null, "release_year": 1994, "multiplayer": true, "image_url": "sonic-the-hedgehog-3.png", "image": "sonic-the-hedgehog-3.png"}}, {"model": "products.game", "pk": 20, "fields": {"publisher": 3, "console": 3, "genre": 9, "sku": null, "name": "Mortal Kombat", "description": "Mortal Kombat focuses on several characters of various intentions who enter a martial arts tournament with worldly consequences. It introduced many key aspects of the Mortal Kombat series, including the unique five-button control scheme and gory finishing moves called Fatalities.", "developer": "Midway", "price": null, "rating": null, "release_year": 1992, "multiplayer": true, "image_url": "mortal-kombat.png", "image": "mortal-kombat.png"}}, {"model": "products.game", "pk": 21, "fields": {"publisher": 3, "console": 3, "genre": 17, "sku": null, "name": "NBA Jam", "description": "NBA Jam is the first entry in the NBA Jam series. The gameplay of NBA Jam is based on Arch Rivals, which was also a 2-on-2 basketball game. However, it was the release of NBA Jam that brought mainstream success to the genre.", "developer": "Midway/Iguana Entertainment", "price": null, "rating": null, "release_year": 1993, "multiplayer": true, "image_url": "nba-jam.png", "image": "nba-jam.png"}}, {"model": "products.game", "pk": 22, "fields": {"publisher": 3, "console": 3, "genre": 9, "sku": null, "name": "Street Fighter II: Champion Edition", "description": "The legendary Street Fighter II improved many of the concepts introduced in the first game, including the use of special command-based moves, combo system, six-button configuration, and wider selection of playable characters, each with unique fighting style. It prominently features a popular two-player mode that obligates direct, human-to-human competitive play which prolonged the survival of the declining video game arcade business market by stimulating business and driving the fighter genre.", "developer": "Capcom", "price": null, "rating": null, "release_year": 1991, "multiplayer": true, "image_url": "street-fighter-2.png", "image": "street-fighter-2.png"}}, {"model": "products.game", "pk": 23, "fields": {"publisher": 3, "console": 3, "genre": 6, "sku": null, "name": "Jurassic Park", "description": "Jurassic Park was released as part of the tie-in merchandise to the 1993 film of the same name. The game includes elements from Michael Crichton's 1990 novel, Jurassic Park, on which the film is based.", "developer": "BlueSky Software", "price": null, "rating": null, "release_year": 1993, "multiplayer": false, "image_url": "jurassic-park.png", "image": "jurassic-park.png"}}, {"model": "products.game", "pk": 24, "fields": {"publisher": 2, "console": 4, "genre": 2, "sku": null, "name": "Gran Turismo", "description": "Gran Turismo is the first title in the Gran Turismo series. After five years of development time, it was well-received publicly and critically, shipping a total of 10.85 million copies worldwide (making it the best-selling PlayStation game), and scoring an average of 95% in GameRankings' aggregate, making it the highest rated racing video game at the time of the site's closure in 2019. Many publications have deemed it one of the greatest video games of all time. The game has started a series, and has spawned over 10 spin-offs and sequels.", "developer": "Polys Entertainment", "price": null, "rating": null, "release_year": 1997, "multiplayer": true, "image_url": "gran-turismo.png", "image": "gran-turismo.png"}}, {"model": "products.game", "pk": 25, "fields": {"publisher": 2, "console": 4, "genre": 8, "sku": null, "name": "Final Fantasy VII", "description": "Final Fantasy VII is the seventh main installment in the Final Fantasy series and one of it's most renowned. The game's story follows Cloud Strife, a mercenary who joins an eco-terrorist organization to stop a world-controlling megacorporation from using the planet's life essence as an energy source. Events send Cloud and his allies in pursuit of Sephiroth, a former member of the corporation who seeks to destroy the planet. During the journey, Cloud builds close friendships with his party members, including Aerith Gainsborough, who holds the secret to saving their world.", "developer": "Square", "price": null, "rating": null, "release_year": 1997, "multiplayer": false, "image_url": "final-fantasy-vii.png", "image": "final-fantasy-vii.png"}}, {"model": "products.game", "pk": 26, "fields": {"publisher": 2, "console": 4, "genre": 2, "sku": null, "name": "Gran Turismo 2", "description": "Another legendary entry in the Gran Turismo series. Compared with Gran Turismo, the gameplay, physics and graphics are very similar: the only real noticeable difference in vehicle dynamics was the brakes, which became much less likely to lock up and cause the vehicle to oversteer. The major changes are the vastly expanded number of cars, tracks and races in simulation mode. Other differences include that the player can race events separately, if they do not want to enter the whole tournament. The player is no longer able to \"qualify\" for each race entered.", "developer": "Polyphony Digital", "price": null, "rating": null, "release_year": 1999, "multiplayer": true, "image_url": "gran-turismo-2.png", "image": "gran-turismo-2.png"}}, {"model": "products.game", "pk": 27, "fields": {"publisher": 2, "console": 4, "genre": 9, "sku": null, "name": "Tekken 3", "description": "Tekken 3 (鉄拳3) was a major hit for both arcades and consoles. Tekken 3 features a largely new cast of characters, including the debut of several now-staple characters such as Jin Kazama, Ling Xiaoyu, Bryan Fury, Eddy Gordo, and Hwoarang, with a total of twenty-three characters. The home version includes a new beat 'em up mode called Tekken Force, and the bonus Tekken Ball mode.", "developer": "Namco", "price": null, "rating": null, "release_year": 1996, "multiplayer": true, "image_url": "tekken-3.png", "image": "tekken-3.png"}}, {"model": "products.game", "pk": 28, "fields": {"publisher": 2, "console": 4, "genre": 6, "sku": null, "name": "Harry Potter and the Philosopher's Stone", "description": "Harry Potter and the Philosopher's Stone (released in the United States as Harry Potter and the Sorcerer's Stone) is an action-adventure video game. It is based on the 2001 film of the same name. The story follows protagonist Harry Potter, who, after discovering he is a wizard, is sent to Hogwarts School of Witchcraft and Wizardry where he makes friends and receives magical training, and along with his friends stop Lord Voldemort from returning to power.", "developer": "Argonaut Games", "price": null, "rating": null, "release_year": 2001, "multiplayer": false, "image_url": "harry-potter-1.png", "image": "harry-potter-1.png"}}, {"model": "products.game", "pk": 29, "fields": {"publisher": 2, "console": 4, "genre": 1, "sku": null, "name": "Crash Bandicoot 2: Cortex Strikes Back", "description": "Crash Bandicoot 2: Cortex Strikes Back takes place on a fictional group of islands near Australia. Crash Bandicoot 2 follows the adventures of the anthropomorphic bandicoot named Crash. Crash is abducted by series villain Doctor Neo Cortex, who tricks him into thinking he wants to save the world. Crash is thrust into several parts of N. Sanity Island in order to gather crystals that will allow Cortex to contain the power of an upcoming planetary alignment and keep the planet from being destroyed. Crash's sister Coco and Cortex's former assistant Doctor Nitrus Brio try to warn him about Cortex, with the latter urging Crash to gather gems instead of crystals.", "developer": "Naughty Dog", "price": null, "rating": null, "release_year": 1997, "multiplayer": false, "image_url": "crash-bandicoot-2.png", "image": "crash-bandicoot-2.png"}}, {"model": "products.game", "pk": 30, "fields": {"publisher": 2, "console": 4, "genre": 1, "sku": "FG-2", "name": "Crash Bandicoot 3", "description": "Fan favourite Crash Bandicoot 3: Warped  takes place immediately after the events of the second game. When the ruins of Doctor Neo Cortex's space station crash-land on Earth, they unleash an evil entity known as Uka Uka, Aku Aku's evil twin brother, who joins with Cortex and the time-obsessed Doctor Nefarious Tropy as they plan to gather powerful crystals that lay scattered across time, and use their energy to enslave the Earth. The game follows the main characters Crash and Coco Bandicoot as they travel through time and prevent the villains from gathering the crystals by collecting them themselves.", "developer": "Naughty Dog", "price": null, "rating": 98, "release_year": 1998, "multiplayer": false, "image_url": "crash-bandicoot-3.png", "image": "crash-bandicoot-3.png"}}, {"model": "products.game", "pk": 31, "fields": {"publisher": 2, "console": 4, "genre": 1, "sku": null, "name": "Crash Bandicoot", "description": "The seminal game in the series, Crash Bandicoot would achieve critical and commercial success and establish Naughty Dog's reputation in the video game industry. The majority of the game takes place from a third-person perspective in which Crash moves into the screen. Certain levels that require him to flee from a rolling boulder reverse this perspective, while other levels are played from a traditional side-scrolling perspective. Crash is capable of moving in all directions; aside from moving left and right, he can move away from or toward the player, and the controls do not change with his position.", "developer": "Naughty Dog", "price": null, "rating": null, "release_year": 1996, "multiplayer": false, "image_url": "crash-bandicoot.png", "image": "crash-bandicoot.png"}}, {"model": "products.game", "pk": 32, "fields": {"publisher": 2, "console": 4, "genre": 18, "sku": null, "name": "Metal Gear Solid", "description": "Metal Gear Solid was directed, produced, and written by Hideo Kojima. Players control Solid Snake, a soldier who infiltrates a nuclear weapons facility to neutralize the terrorist threat from FOXHOUND, a renegade special forces unit. Snake must liberate hostages and stop the terrorists from launching a nuclear strike. Cinematic cutscenes were rendered using the in-game engine and graphics, and voice acting is used throughout.", "developer": "Konami/Hideo Kojima", "price": null, "rating": null, "release_year": 1998, "multiplayer": false, "image_url": "metal-gear-solid.png", "image": "metal-gear-solid.png"}}, {"model": "products.game", "pk": 33, "fields": {"publisher": 2, "console": 4, "genre": 6, "sku": null, "name": "Tomb Raider", "description": "The senimalTomb Raider, follows archaeologist-adventurer Lara Croft, who is hired by businesswoman Jacqueline Natla to find an artefact called the Scion of Atlantis. Gameplay features Lara navigating levels split into multiple areas and room complexes while fighting enemies and solving puzzles to progress.", "developer": "Core Design", "price": null, "rating": null, "release_year": 1996, "multiplayer": false, "image_url": "tomb-raider.png", "image": "tomb-raider.png"}}, {"model": "products.game", "pk": 34, "fields": {"publisher": 2, "console": 4, "genre": 1, "sku": null, "name": "Spyro the Dragon", "description": "The seminal Spyro the Dragon, stars the title character, a young purple dragon named Spyro, and his dragonfly friend, Sparx, who must journey across the Dragon Kingdom to defeat Gnasty Gnorc, who has overtaken the 5 dragon Homeworlds by trapping the other dragons in crystal and turning their hoard of gems into an army of minions. Spyro the Dragon is an open-ended 3D platformer, featuring large, sprawling levels in which the player must locate collectable items, among which are gemstones, crystallized dragons, and stolen dragon eggs.", "developer": "Insomniac Games", "price": null, "rating": null, "release_year": 1998, "multiplayer": false, "image_url": "spyro-the-dragon.png", "image": "spyro-the-dragon.png"}}]